2017,1,b'Brisbane',339,brisbane,"b'Brisbane, Australia'",2017.01.01,1,1,28,28,Outdoor,Hard,"b'$495,630'",/en/scores/archive/brisbane/339/2017/results,Grigor Dimitrov,/en/players/grigor-dimitrov/d875/overview,grigor-dimitrov,d875,Thanasi Kokkinakis,/en/players/thanasi-kokkinakis/kd46/overview,thanasi-kokkinakis,kd46,Jordan Thompson,/en/players/jordan-thompson/tc61/overview,jordan-thompson,tc61,2017-339
2017,2,b'Doha',451,doha,"b'Doha, Qatar'",2017.01.02,1,2,32,32,Outdoor,Hard,"b'$1,334,270'",/en/scores/archive/doha/451/2017/results,Novak Djokovic,/en/players/novak-djokovic/d643/overview,novak-djokovic,d643,Jeremy Chardy,/en/players/jeremy-chardy/ca12/overview,jeremy-chardy,ca12,Fabrice Martin,/en/players/fabrice-martin/me04/overview,fabrice-martin,me04,2017-451
2017,3,b'Chennai',891,chennai,"b'Chennai, India'",2017.01.02,1,2,28,28,Outdoor,Hard,"b'$505,730'",/en/scores/archive/chennai/891/2017/results,Roberto Bautista Agut,/en/players/roberto-bautista-agut/bd06/overview,roberto-bautista-agut,bd06,Rohan Bopanna,/en/players/rohan-bopanna/b757/overview,rohan-bopanna,b757,Jeevan Nedunchezhiyan,/en/players/jeevan-nedunchezhiyan/n480/overview,jeevan-nedunchezhiyan,n480,2017-891
2017,4,b'Sydney',338,sydney,"b'Sydney, Australia'",2017.01.08,1,8,28,28,Outdoor,Hard,"b'$495,630'",/en/scores/archive/sydney/338/2017/results,Gilles Muller,/en/players/gilles-muller/ma30/overview,gilles-muller,ma30,Wesley Koolhof,/en/players/wesley-koolhof/kc41/overview,wesley-koolhof,kc41,Matwe Middelkoop,/en/players/matwe-middelkoop/mb88/overview,matwe-middelkoop,mb88,2017-338
2017,5,b'Auckland',301,auckland,"b'Auckland, New Zealand'",2017.01.09,1,9,28,28,Outdoor,Hard,"b'$508,360'",/en/scores/archive/auckland/301/2017/results,Jack Sock,/en/players/jack-sock/sm25/overview,jack-sock,sm25,Marcin Matkowski,/en/players/marcin-matkowski/m844/overview,marcin-matkowski,m844,Aisam-Ul-Haq Qureshi,/en/players/aisam-ul-haq-qureshi/q019/overview,aisam-ul-haq-qureshi,q019,2017-301
2017,6,b'Australian Open',580,australian-open,"b'Melbourne, Australia'",2017.01.16,1,16,128,128,Outdoor,Hard,"b'A$22,624,000'",/en/scores/archive/australian-open/580/2017/results,Roger Federer,/en/players/roger-federer/f324/overview,roger-federer,f324,Henri Kontinen,/en/players/henri-kontinen/ka80/overview,henri-kontinen,ka80,John Peers,/en/players/john-peers/pc96/overview,john-peers,pc96,2017-580
2017,7,b'Montpellier',375,montpellier,"b'Montpellier, France'",2017.02.06,2,6,28,28,Indoor,Hard,"b'\xe2\x82\xac540,310'",/en/scores/archive/montpellier/375/2017/results,Alexander Zverev,/en/players/alexander-zverev/z355/overview,alexander-zverev,z355,Mischa Zverev,/en/players/mischa-zverev/z168/overview,mischa-zverev,z168,Alexander Zverev,/en/players/alexander-zverev/z355/overview,alexander-zverev,z355,2017-375
2017,8,b'Quito',7161,quito,"b'Quito, Ecuador'",2017.02.06,2,6,28,28,Outdoor,Clay,"b'$540,310'",/en/scores/archive/quito/7161/2017/results,Victor Estrella Burgos,/en/players/victor-estrella-burgos/e224/overview,victor-estrella-burgos,e224,Jamie Cerretani,/en/players/jamie-cerretani/c922/overview,jamie-cerretani,c922,Philipp Oswald,/en/players/philipp-oswald/o305/overview,philipp-oswald,o305,2017-7161
2017,9,b'Sofia',7434,sofia,"b'Sofia, Bulgaria'",2017.02.06,2,6,28,28,Indoor,Hard,"b'\xe2\x82\xac540,310'",/en/scores/archive/sofia/7434/2017/results,Grigor Dimitrov,/en/players/grigor-dimitrov/d875/overview,grigor-dimitrov,d875,Viktor Troicki,/en/players/viktor-troicki/t840/overview,viktor-troicki,t840,Nenad Zimonjic,/en/players/nenad-zimonjic/z072/overview,nenad-zimonjic,z072,2017-7434
2017,10,b'Rotterdam',407,rotterdam,"b'Rotterdam, Netherlands'",2017.02.13,2,13,32,32,Indoor,Hard,"b'\xe2\x82\xac1,854,365'",/en/scores/archive/rotterdam/407/2017/results,Jo-Wilfried Tsonga,/en/players/jo-wilfried-tsonga/t786/overview,jo-wilfried-tsonga,t786,Ivan Dodig,/en/players/ivan-dodig/d646/overview,ivan-dodig,d646,Marcel Granollers,/en/players/marcel-granollers/g710/overview,marcel-granollers,g710,2017-407
2017,11,b'Memphis',424,memphis,"b'Memphis, United States'",2017.02.13,2,13,28,28,Indoor,Hard,"b'$720,410'",/en/scores/archive/memphis/424/2017/results,Ryan Harrison,/en/players/ryan-harrison/h940/overview,ryan-harrison,h940,Brian Baker,/en/players/brian-baker/ba23/overview,brian-baker,ba23,Nikola Mektic,/en/players/nikola-mektic/mf09/overview,nikola-mektic,mf09,2017-424
2017,12,b'Buenos Aires',506,buenos-aires,"b'Buenos Aires, Argentina'",2017.02.13,2,13,28,28,Outdoor,Clay,"b'$624,340'",/en/scores/archive/buenos-aires/506/2017/results,Alexandr Dolgopolov,/en/players/alexandr-dolgopolov/d801/overview,alexandr-dolgopolov,d801,Juan Sebastian Cabal,/en/players/juan-sebastian-cabal/c834/overview,juan-sebastian-cabal,c834,Robert Farah,/en/players/robert-farah/f525/overview,robert-farah,f525,2017-506
2017,13,b'Rio de Janeiro',6932,rio-de-janeiro,"b'Rio de Janeiro, Brazil'",2017.02.20,2,20,32,32,Outdoor,Clay,"b'$1,603,940'",/en/scores/archive/rio-de-janeiro/6932/2017/results,Dominic Thiem,/en/players/dominic-thiem/tb69/overview,dominic-thiem,tb69,Pablo Cuevas,/en/players/pablo-cuevas/c882/overview,pablo-cuevas,c882,Pablo Carreno Busta,/en/players/pablo-carreno-busta/cd85/overview,pablo-carreno-busta,cd85,2017-6932
2017,14,b'Marseille',496,marseille,"b'Marseille, France'",2017.02.20,2,20,28,28,Indoor,Hard,"b'\xe2\x82\xac691,850'",/en/scores/archive/marseille/496/2017/results,Jo-Wilfried Tsonga,/en/players/jo-wilfried-tsonga/t786/overview,jo-wilfried-tsonga,t786,Julien Benneteau,/en/players/julien-benneteau/b747/overview,julien-benneteau,b747,Nicolas Mahut,/en/players/nicolas-mahut/m873/overview,nicolas-mahut,m873,2017-496
2017,15,b'Delray Beach',499,delray-beach,"b'Delray Beach, United States'",2017.02.20,2,20,32,32,Outdoor,Hard,"b'$599,345'",/en/scores/archive/delray-beach/499/2017/results,Jack Sock,/en/players/jack-sock/sm25/overview,jack-sock,sm25,Raven Klaasen,/en/players/raven-klaasen/k609/overview,raven-klaasen,k609,Rajeev Ram,/en/players/rajeev-ram/r548/overview,rajeev-ram,r548,2017-499
2017,16,b'Dubai',495,dubai,"b'Dubai, United Arab Emirates'",2017.02.27,2,27,32,32,Outdoor,Hard,"b'$2,858,530'",/en/scores/archive/dubai/495/2017/results,Andy Murray,/en/players/andy-murray/mc10/overview,andy-murray,mc10,Jean-Julien Rojer,/en/players/jean-julien-rojer/r513/overview,jean-julien-rojer,r513,Horia Tecau,/en/players/horia-tecau/t749/overview,horia-tecau,t749,2017-495
2017,17,b'Acapulco',807,acapulco,"b'Acapulco, Mexico'",2017.02.27,2,27,32,32,Outdoor,Hard,"b'$1,633,690'",/en/scores/archive/acapulco/807/2017/results,Sam Querrey,/en/players/sam-querrey/q927/overview,sam-querrey,q927,Jamie Murray,/en/players/jamie-murray/mc81/overview,jamie-murray,mc81,Bruno Soares,/en/players/bruno-soares/s938/overview,bruno-soares,s938,2017-807
2017,18,b'Sao Paulo',533,sao-paulo,"b'Sao Paulo, Brazil'",2017.02.27,2,27,28,28,Outdoor,Clay,"b'$520,285'",/en/scores/archive/sao-paulo/533/2017/results,Pablo Cuevas,/en/players/pablo-cuevas/c882/overview,pablo-cuevas,c882,Andre Sa,/en/players/andre-sa/s604/overview,andre-sa,s604,Rogerio Dutra Silva,/en/players/rogerio-dutra-silva/sc73/overview,rogerio-dutra-silva,sc73,2017-533
2017,19,b'ATP World Tour Masters 1000 Indian Wells',404,indian-wells,"b'Indian Wells, United States'",2017.03.09,3,9,96,96,Outdoor,Hard,"b'$7,913,405'",/en/scores/archive/indian-wells/404/2017/results,Roger Federer,/en/players/roger-federer/f324/overview,roger-federer,f324,Raven Klaasen,/en/players/raven-klaasen/k609/overview,raven-klaasen,k609,Rajeev Ram,/en/players/rajeev-ram/r548/overview,rajeev-ram,r548,2017-404
2017,20,b'ATP World Tour Masters 1000 Miami',403,miami,"b'Miami, United States'",2017.03.22,3,22,96,96,Outdoor,Hard,"b'$7,913,405'",/en/scores/archive/miami/403/2017/results,Roger Federer,/en/players/roger-federer/f324/overview,roger-federer,f324,Lukasz Kubot,/en/players/lukasz-kubot/k540/overview,lukasz-kubot,k540,Marcelo Melo,/en/players/marcelo-melo/m919/overview,marcelo-melo,m919,2017-403
2017,21,b'Houston',717,houston,"b'Houston, United States'",2017.04.10,4,10,28,28,Outdoor,Clay,"b'$600,345'",/en/scores/archive/houston/717/2017/results,Steve Johnson,/en/players/steve-johnson/j386/overview,steve-johnson,j386,Julio Peralta,/en/players/julio-peralta/p519/overview,julio-peralta,p519,Horacio Zeballos,/en/players/horacio-zeballos/z184/overview,horacio-zeballos,z184,2017-717
2017,22,b'Marrakech',360,marrakech,"b'Marrakech, Morocco'",2017.04.10,4,10,28,28,Outdoor,Clay,"b'\xe2\x82\xac540,310'",/en/scores/archive/marrakech/360/2017/results,Borna Coric,/en/players/borna-coric/cg80/overview,borna-coric,cg80,Dominic Inglot,/en/players/dominic-inglot/i200/overview,dominic-inglot,i200,Mate Pavic,/en/players/mate-pavic/pf00/overview,mate-pavic,pf00,2017-360
2017,23,b'ATP World Tour Masters 1000 Monte Carlo',410,monte-carlo,"b'Monte Carlo, Monaco'",2017.04.16,4,16,56,56,Outdoor,Clay,"b'\xe2\x82\xac4,629,725'",/en/scores/archive/monte-carlo/410/2017/results,Rafael Nadal,/en/players/rafael-nadal/n409/overview,rafael-nadal,n409,Rohan Bopanna,/en/players/rohan-bopanna/b757/overview,rohan-bopanna,b757,Pablo Cuevas,/en/players/pablo-cuevas/c882/overview,pablo-cuevas,c882,2017-410
2017,24,b'Barcelona',425,barcelona,"b'Barcelona, Spain'",2017.04.24,4,24,48,48,Outdoor,Clay,"b'\xe2\x82\xac2,604,340'",/en/scores/archive/barcelona/425/2017/results,Rafael Nadal,/en/players/rafael-nadal/n409/overview,rafael-nadal,n409,Florin Mergea,/en/players/florin-mergea/mb27/overview,florin-mergea,mb27,Aisam-Ul-Haq Qureshi,/en/players/aisam-ul-haq-qureshi/q019/overview,aisam-ul-haq-qureshi,q019,2017-425
2017,25,b'Budapest',7648,budapest,"b'Budapest, Hungary'",2017.04.24,4,24,28,28,Outdoor,Clay,"b'\xe2\x82\xac540,310'",/en/scores/archive/budapest/7648/2017/results,Lucas Pouille,/en/players/lucas-pouille/pf39/overview,lucas-pouille,pf39,Brian Baker,/en/players/brian-baker/ba23/overview,brian-baker,ba23,Nikola Mektic,/en/players/nikola-mektic/mf09/overview,nikola-mektic,mf09,2017-7648
2017,26,b'Estoril',7290,estoril,"b'Estoril, Portugal'",2017.05.01,5,1,28,28,Outdoor,Clay,"b'\xe2\x82\xac540,310'",/en/scores/archive/estoril/7290/2017/results,Pablo Carreno Busta,/en/players/pablo-carreno-busta/cd85/overview,pablo-carreno-busta,cd85,Ryan Harrison,/en/players/ryan-harrison/h940/overview,ryan-harrison,h940,Michael Venus,/en/players/michael-venus/v576/overview,michael-venus,v576,2017-7290
2017,27,b'Munich',308,munich,"b'Munich, Germany'",2017.05.01,5,1,28,28,Outdoor,Clay,"b'\xe2\x82\xac540,310'",/en/scores/archive/munich/308/2017/results,Alexander Zverev,/en/players/alexander-zverev/z355/overview,alexander-zverev,z355,Juan Sebastian Cabal,/en/players/juan-sebastian-cabal/c834/overview,juan-sebastian-cabal,c834,Robert Farah,/en/players/robert-farah/f525/overview,robert-farah,f525,2017-308
2017,28,b'Istanbul',7163,istanbul,"b'Istanbul, Turkey'",2017.05.01,5,1,28,28,Outdoor,Clay,"b'\xe2\x82\xac497,255'",/en/scores/archive/istanbul/7163/2017/results,Marin Cilic,/en/players/marin-cilic/c977/overview,marin-cilic,c977,Roman Jebavy,/en/players/roman-jebavy/j321/overview,roman-jebavy,j321,Jiri Vesely,/en/players/jiri-vesely/v708/overview,jiri-vesely,v708,2017-7163
2017,29,b'ATP World Tour Masters 1000 Madrid',1536,madrid,"b'Madrid, Spain'",2017.05.07,5,7,56,56,Outdoor,Clay,"b'\xe2\x82\xac6,408,230'",/en/scores/archive/madrid/1536/2017/results,Rafael Nadal,/en/players/rafael-nadal/n409/overview,rafael-nadal,n409,Lukasz Kubot,/en/players/lukasz-kubot/k540/overview,lukasz-kubot,k540,Marcelo Melo,/en/players/marcelo-melo/m919/overview,marcelo-melo,m919,2017-1536
2017,30,b'ATP World Tour Masters 1000 Rome',416,rome,"b'Rome, Italy'",2017.05.14,5,14,56,56,Outdoor,Clay,"b'\xe2\x82\xac4,835,975'",/en/scores/archive/rome/416/2017/results,Alexander Zverev,/en/players/alexander-zverev/z355/overview,alexander-zverev,z355,Pierre-Hugues Herbert,/en/players/pierre-hugues-herbert/h996/overview,pierre-hugues-herbert,h996,Nicolas Mahut,/en/players/nicolas-mahut/m873/overview,nicolas-mahut,m873,2017-416
2017,31,b'Geneva',322,geneva,"b'Geneva, Switzerland'",2017.05.21,5,21,28,28,Outdoor,Clay,"b'\xe2\x82\xac540,310'",/en/scores/archive/geneva/322/2017/results,Stan Wawrinka,/en/players/stan-wawrinka/w367/overview,stan-wawrinka,w367,Jean-Julien Rojer,/en/players/jean-julien-rojer/r513/overview,jean-julien-rojer,r513,Horia Tecau,/en/players/horia-tecau/t749/overview,horia-tecau,t749,2017-322
2017,32,b'Lyon',7694,lyon,"b'Lyon, France'",2017.05.21,5,21,28,28,Outdoor,Clay,"b'\xe2\x82\xac540,310'",/en/scores/archive/lyon/7694/2017/results,Jo-Wilfried Tsonga,/en/players/jo-wilfried-tsonga/t786/overview,jo-wilfried-tsonga,t786,Andres Molteni,/en/players/andres-molteni/me56/overview,andres-molteni,me56,Adil Shamasdin,/en/players/adil-shamasdin/sb92/overview,adil-shamasdin,sb92,2017-7694
2017,33,b'Roland Garros',520,roland-garros,"b'Paris, France'",2017.05.28,5,28,128,128,Outdoor,Clay,"b'\xe2\x82\xac16,790,000'",/en/scores/archive/roland-garros/520/2017/results,Rafael Nadal,/en/players/rafael-nadal/n409/overview,rafael-nadal,n409,Ryan Harrison,/en/players/ryan-harrison/h940/overview,ryan-harrison,h940,Michael Venus,/en/players/michael-venus/v576/overview,michael-venus,v576,2017-520
2017,34,b'Stuttgart',321,stuttgart,"b'Stuttgart, Germany'",2017.06.12,6,12,28,28,Outdoor,Grass,"b'\xe2\x82\xac701,975'",/en/scores/archive/stuttgart/321/2017/results,Lucas Pouille,/en/players/lucas-pouille/pf39/overview,lucas-pouille,pf39,Jamie Murray,/en/players/jamie-murray/mc81/overview,jamie-murray,mc81,Bruno Soares,/en/players/bruno-soares/s938/overview,bruno-soares,s938,2017-321
2017,35,b's-Hertogenbosch',440,s-hertogenbosch,"b's-Hertogenbosch, Netherlands'",2017.06.12,6,12,28,28,Outdoor,Grass,"b'\xe2\x82\xac660,375'",/en/scores/archive/s-hertogenbosch/440/2017/results,Gilles Muller,/en/players/gilles-muller/ma30/overview,gilles-muller,ma30,Lukasz Kubot,/en/players/lukasz-kubot/k540/overview,lukasz-kubot,k540,Marcelo Melo,/en/players/marcelo-melo/m919/overview,marcelo-melo,m919,2017-440
2017,36,b'Halle',500,halle,"b'Halle, Germany'",2017.06.19,6,19,32,32,Outdoor,Grass,"b'\xe2\x82\xac1,966,095'",/en/scores/archive/halle/500/2017/results,Roger Federer,/en/players/roger-federer/f324/overview,roger-federer,f324,Lukasz Kubot,/en/players/lukasz-kubot/k540/overview,lukasz-kubot,k540,Marcelo Melo,/en/players/marcelo-melo/m919/overview,marcelo-melo,m919,2017-500
2017,37,"b""London / Queen's Club""",311,london,"b'London, Great Britain'",2017.06.19,6,19,32,32,Outdoor,Grass,"b'\xe2\x82\xac1,966,095'",/en/scores/archive/london/311/2017/results,Feliciano Lopez,/en/players/feliciano-lopez/l397/overview,feliciano-lopez,l397,Jamie Murray,/en/players/jamie-murray/mc81/overview,jamie-murray,mc81,Bruno Soares,/en/players/bruno-soares/s938/overview,bruno-soares,s938,2017-311
2017,38,b'Antalya',7650,antalya,"b'Antalya, Turkey'",2017.06.25,6,25,28,28,Outdoor,Grass,"b'\xe2\x82\xac497,255'",/en/scores/archive/antalya/7650/2017/results,Yuichi Sugita,/en/players/yuichi-sugita/se73/overview,yuichi-sugita,se73,Robert Lindstedt,/en/players/robert-lindstedt/l335/overview,robert-lindstedt,l335,Aisam-Ul-Haq Qureshi,/en/players/aisam-ul-haq-qureshi/q019/overview,aisam-ul-haq-qureshi,q019,2017-7650
2017,39,b'Eastbourne',741,eastbourne,"b'Eastbourne, Great Britain'",2017.06.26,6,26,28,28,Outdoor,Grass,"b'\xe2\x82\xac693,910'",/en/scores/archive/eastbourne/741/2017/results,Novak Djokovic,/en/players/novak-djokovic/d643/overview,novak-djokovic,d643,Bob Bryan,/en/players/bob-bryan/b588/overview,bob-bryan,b588,Mike Bryan,/en/players/mike-bryan/b589/overview,mike-bryan,b589,2017-741
2017,40,b'Wimbledon',540,wimbledon,"b'London, Great Britain'",2017.07.03,7,3,128,128,Outdoor,Grass,"b'\xc2\xa314,840,000'",/en/scores/archive/wimbledon/540/2017/results,Roger Federer,/en/players/roger-federer/f324/overview,roger-federer,f324,Lukasz Kubot,/en/players/lukasz-kubot/k540/overview,lukasz-kubot,k540,Marcelo Melo,/en/players/marcelo-melo/m919/overview,marcelo-melo,m919,2017-540
2017,41,b'Newport',315,newport,"b'Newport, United States'",2017.07.17,7,17,28,28,Outdoor,Grass,"b'$600,345'",/en/scores/archive/newport/315/2017/results,John Isner,/en/players/john-isner/i186/overview,john-isner,i186,Aisam-Ul-Haq Qureshi,/en/players/aisam-ul-haq-qureshi/q019/overview,aisam-ul-haq-qureshi,q019,Rajeev Ram,/en/players/rajeev-ram/r548/overview,rajeev-ram,r548,2017-315
2017,42,b'Bastad',316,bastad,"b'Bastad, Sweden'",2017.07.17,7,17,28,28,Outdoor,Clay,"b'\xe2\x82\xac540,310'",/en/scores/archive/bastad/316/2017/results,David Ferrer,/en/players/david-ferrer/f401/overview,david-ferrer,f401,Julian Knowle,/en/players/julian-knowle/k263/overview,julian-knowle,k263,Philipp Petzschner,/en/players/philipp-petzschner/p624/overview,philipp-petzschner,p624,2017-316
2017,43,b'Umag',439,umag,"b'Umag, Croatia'",2017.07.17,7,17,28,28,Outdoor,Clay,"b'\xe2\x82\xac540,310'",/en/scores/archive/umag/439/2017/results,Andrey Rublev,/en/players/andrey-rublev/re44/overview,andrey-rublev,re44,Guillermo Duran,/en/players/guillermo-duran/d787/overview,guillermo-duran,d787,Andres Molteni,/en/players/andres-molteni/me56/overview,andres-molteni,me56,2017-439
2017,44,b'Hamburg',414,hamburg,"b'Hamburg, Germany'",2017.07.24,7,24,32,32,Outdoor,Clay,"b'\xe2\x82\xac1,629,375'",/en/scores/archive/hamburg/414/2017/results,Leonardo Mayer,/en/players/leonardo-mayer/md56/overview,leonardo-mayer,md56,Ivan Dodig,/en/players/ivan-dodig/d646/overview,ivan-dodig,d646,Mate Pavic,/en/players/mate-pavic/pf00/overview,mate-pavic,pf00,2017-414
2017,45,b'Atlanta',6116,atlanta,"b'Atlanta, United States'",2017.07.24,7,24,28,28,Outdoor,Hard,"b'$720,410'",/en/scores/archive/atlanta/6116/2017/results,John Isner,/en/players/john-isner/i186/overview,john-isner,i186,Bob Bryan,/en/players/bob-bryan/b588/overview,bob-bryan,b588,Mike Bryan,/en/players/mike-bryan/b589/overview,mike-bryan,b589,2017-6116
2017,46,b'Gstaad',314,gstaad,"b'Gstaad, Switzerland'",2017.07.24,7,24,28,28,Outdoor,Clay,"b'\xe2\x82\xac540,310'",/en/scores/archive/gstaad/314/2017/results,Fabio Fognini,/en/players/fabio-fognini/f510/overview,fabio-fognini,f510,Oliver Marach,/en/players/oliver-marach/m760/overview,oliver-marach,m760,Philipp Oswald,/en/players/philipp-oswald/o305/overview,philipp-oswald,o305,2017-314
2017,47,b'Washington',418,washington,"b'Washington, United States'",2017.07.31,7,31,48,48,Outdoor,Hard,"b'$2,002,460'",/en/scores/archive/washington/418/2017/results,Alexander Zverev,/en/players/alexander-zverev/z355/overview,alexander-zverev,z355,Henri Kontinen,/en/players/henri-kontinen/ka80/overview,henri-kontinen,ka80,John Peers,/en/players/john-peers/pc96/overview,john-peers,pc96,2017-418
2017,48,b'Los Cabos',7480,los-cabos,"b'Los Cabos, Mexico'",2017.07.31,7,31,28,28,Outdoor,Hard,"b'$727,995'",/en/scores/archive/los-cabos/7480/2017/results,Sam Querrey,/en/players/sam-querrey/q927/overview,sam-querrey,q927,Juan Sebastian Cabal,/en/players/juan-sebastian-cabal/c834/overview,juan-sebastian-cabal,c834,Treat Huey,/en/players/treat-huey/h788/overview,treat-huey,h788,2017-7480
2017,49,b'Kitzb\xc3\xbchel',319,kitzbuhel,"b'Kitzbuhel, Austria'",2017.07.31,7,31,28,28,Outdoor,Clay,"b'\xe2\x82\xac540,310'",/en/scores/archive/kitzbuhel/319/2017/results,Philipp Kohlschreiber,/en/players/philipp-kohlschreiber/k435/overview,philipp-kohlschreiber,k435,Pablo Cuevas,/en/players/pablo-cuevas/c882/overview,pablo-cuevas,c882,Guillermo Duran,/en/players/guillermo-duran/d787/overview,guillermo-duran,d787,2017-319
2017,50,b'ATP World Tour Masters 1000 Canada',421,montreal,"b'Montreal, Canada'",2017.08.07,8,7,56,56,Outdoor,Hard,"b'$5,275,595'",/en/scores/archive/montreal/421/2017/results,Alexander Zverev,/en/players/alexander-zverev/z355/overview,alexander-zverev,z355,Pierre-Hugues Herbert,/en/players/pierre-hugues-herbert/h996/overview,pierre-hugues-herbert,h996,Nicolas Mahut,/en/players/nicolas-mahut/m873/overview,nicolas-mahut,m873,2017-421
2017,51,b'ATP World Tour Masters 1000 Cincinnati',422,cincinnati,"b'Cincinnati, United States'",2017.08.13,8,13,56,56,Outdoor,Hard,"b'$5,627,305'",/en/scores/archive/cincinnati/422/2017/results,Grigor Dimitrov,/en/players/grigor-dimitrov/d875/overview,grigor-dimitrov,d875,Pierre-Hugues Herbert,/en/players/pierre-hugues-herbert/h996/overview,pierre-hugues-herbert,h996,Nicolas Mahut,/en/players/nicolas-mahut/m873/overview,nicolas-mahut,m873,2017-422
2017,52,b'Winston-Salem',6242,winston-salem,"b'Winston-Salem, United States'",2017.08.20,8,20,48,48,Outdoor,Hard,"b'$748,960'",/en/scores/archive/winston-salem/6242/2017/results,Roberto Bautista Agut,/en/players/roberto-bautista-agut/bd06/overview,roberto-bautista-agut,bd06,Jean-Julien Rojer,/en/players/jean-julien-rojer/r513/overview,jean-julien-rojer,r513,Horia Tecau,/en/players/horia-tecau/t749/overview,horia-tecau,t749,2017-6242
2017,53,b'US Open',560,us-open,"b'New York, United States'",2017.08.28,8,28,128,128,Outdoor,Hard,"b'$24,193,400'",/en/scores/archive/us-open/560/2017/results,Rafael Nadal,/en/players/rafael-nadal/n409/overview,rafael-nadal,n409,Jean-Julien Rojer,/en/players/jean-julien-rojer/r513/overview,jean-julien-rojer,r513,Horia Tecau,/en/players/horia-tecau/t749/overview,horia-tecau,t749,2017-560
2017,54,b'St. Petersburg',568,st-petersburg,"b'St. Petersburg, Russia'",2017.09.18,9,18,28,28,Indoor,Hard,"b'$1,064,715'",/en/scores/archive/st-petersburg/568/2017/results,Damir Dzumhur,/en/players/damir-dzumhur/d923/overview,damir-dzumhur,d923,Roman Jebavy,/en/players/roman-jebavy/j321/overview,roman-jebavy,j321,Matwe Middelkoop,/en/players/matwe-middelkoop/mb88/overview,matwe-middelkoop,mb88,2017-568
2017,55,b'Metz',341,metz,"b'Metz, France'",2017.09.18,9,18,28,28,Indoor,Hard,"b'\xe2\x82\xac540,310'",/en/scores/archive/metz/341/2017/results,Peter Gojowczyk,/en/players/peter-gojowczyk/g967/overview,peter-gojowczyk,g967,Julien Benneteau,/en/players/julien-benneteau/b747/overview,julien-benneteau,b747,Edouard Roger-Vasselin,/en/players/edouard-roger-vasselin/r613/overview,edouard-roger-vasselin,r613,2017-341
2017,56,b'Chengdu',7581,chengdu,"b'Chengdu, China'",2017.09.25,9,25,28,28,Outdoor,Hard,"b'$1,138,910'",/en/scores/archive/chengdu/7581/2017/results,Denis Istomin,/en/players/denis-istomin/i165/overview,denis-istomin,i165,Jonathan Erlich,/en/players/jonathan-erlich/e152/overview,jonathan-erlich,e152,Aisam-Ul-Haq Qureshi,/en/players/aisam-ul-haq-qureshi/q019/overview,aisam-ul-haq-qureshi,q019,2017-7581
2017,57,b'Shenzhen',6967,shenzhen,"b'Shenzhen, China'",2017.09.25,9,25,28,28,Outdoor,Hard,"b'$731,680'",/en/scores/archive/shenzhen/6967/2017/results,David Goffin,/en/players/david-goffin/gb88/overview,david-goffin,gb88,Alexander Peya,/en/players/alexander-peya/p467/overview,alexander-peya,p467,Rajeev Ram,/en/players/rajeev-ram/r548/overview,rajeev-ram,r548,2017-6967
2017,58,b'Beijing',747,beijing,"b'Beijing, China'",2017.10.02,10,2,32,32,Outdoor,Hard,"b'$4,280,460'",/en/scores/archive/beijing/747/2017/results,Rafael Nadal,/en/players/rafael-nadal/n409/overview,rafael-nadal,n409,Henri Kontinen,/en/players/henri-kontinen/ka80/overview,henri-kontinen,ka80,John Peers,/en/players/john-peers/pc96/overview,john-peers,pc96,2017-747
2017,59,b'Tokyo',329,tokyo,"b'Tokyo, Japan'",2017.10.02,10,2,32,32,Outdoor,Hard,"b'$1,706,175'",/en/scores/archive/tokyo/329/2017/results,David Goffin,/en/players/david-goffin/gb88/overview,david-goffin,gb88,Ben McLachlan,/en/players/ben-mclachlan/mo07/overview,ben-mclachlan,mo07,Yasutaka Uchiyama,/en/players/yasutaka-uchiyama/u134/overview,yasutaka-uchiyama,u134,2017-329
2017,60,b'ATP World Tour Masters 1000 Shanghai',5014,shanghai,"b'Shanghai, China'",2017.10.08,10,8,56,56,Outdoor,Hard,"b'$8,092,625'",/en/scores/archive/shanghai/5014/2017/results,Roger Federer,/en/players/roger-federer/f324/overview,roger-federer,f324,Henri Kontinen,/en/players/henri-kontinen/ka80/overview,henri-kontinen,ka80,John Peers,/en/players/john-peers/pc96/overview,john-peers,pc96,2017-5014
2017,61,b'Moscow',438,moscow,"b'Moscow, Russia'",2017.10.16,10,16,28,28,Indoor,Hard,"b'$823,600'",/en/scores/archive/moscow/438/2017/results,Damir Dzumhur,/en/players/damir-dzumhur/d923/overview,damir-dzumhur,d923,Max Mirnyi,/en/players/max-mirnyi/m595/overview,max-mirnyi,m595,Philipp Oswald,/en/players/philipp-oswald/o305/overview,philipp-oswald,o305,2017-438
2017,62,b'Antwerp',7485,antwerp,"b'Antwerp, Belgium'",2017.10.16,10,16,28,28,Indoor,Hard,"b'\xe2\x82\xac660,375'",/en/scores/archive/antwerp/7485/2017/results,Jo-Wilfried Tsonga,/en/players/jo-wilfried-tsonga/t786/overview,jo-wilfried-tsonga,t786,Scott Lipsky,/en/players/scott-lipsky/l580/overview,scott-lipsky,l580,Divij Sharan,/en/players/divij-sharan/sd46/overview,divij-sharan,sd46,2017-7485
2017,63,b'Stockholm',429,stockholm,"b'Stockholm, Sweden'",2017.10.16,10,16,28,28,Indoor,Hard,"b'\xe2\x82\xac660,375'",/en/scores/archive/stockholm/429/2017/results,Juan Martin del Potro,/en/players/juan-martin-del-potro/d683/overview,juan-martin-del-potro,d683,Oliver Marach,/en/players/oliver-marach/m760/overview,oliver-marach,m760,Mate Pavic,/en/players/mate-pavic/pf00/overview,mate-pavic,pf00,2017-429
2017,64,b'Vienna',337,vienna,"b'Vienna, Austria'",2017.10.23,10,23,32,32,Indoor,Hard,"b'\xe2\x82\xac2,621,850'",/en/scores/archive/vienna/337/2017/results,Lucas Pouille,/en/players/lucas-pouille/pf39/overview,lucas-pouille,pf39,Rohan Bopanna,/en/players/rohan-bopanna/b757/overview,rohan-bopanna,b757,Pablo Cuevas,/en/players/pablo-cuevas/c882/overview,pablo-cuevas,c882,2017-337
2017,65,b'Basel',328,basel,"b'Basel, Switzerland'",2017.10.23,10,23,32,32,Indoor,Hard,"b'\xe2\x82\xac2,291,860'",/en/scores/archive/basel/328/2017/results,Roger Federer,/en/players/roger-federer/f324/overview,roger-federer,f324,Ivan Dodig,/en/players/ivan-dodig/d646/overview,ivan-dodig,d646,Marcel Granollers,/en/players/marcel-granollers/g710/overview,marcel-granollers,g710,2017-328
2017,66,b'ATP World Tour Masters 1000 Paris',352,paris,"b'Paris, France'",2017.10.30,10,30,48,48,Indoor,Hard,"b'\xe2\x82\xac4,835,975'",/en/scores/archive/paris/352/2017/results,Jack Sock,/en/players/jack-sock/sm25/overview,jack-sock,sm25,Lukasz Kubot,/en/players/lukasz-kubot/k540/overview,lukasz-kubot,k540,Marcelo Melo,/en/players/marcelo-melo/m919/overview,marcelo-melo,m919,2017-352
2017,67,b'Next Gen ATP Finals',7696,next-gen-atp-finals,"b'Milan, Italy'",2017.11.07,11,7,8,8,Indoor,Hard,"b'$1,275,000'",/en/scores/archive/next-gen-atp-finals/7696/2017/results,Hyeon Chung,/en/players/hyeon-chung/ch27/overview,hyeon-chung,ch27,,,,,,,,,2017-7696
2017,68,b'Nitto ATP Finals',605,nitto-atp-finals,"b'London, Great Britain'",2017.11.12,11,12,8,8,Indoor,Hard,"b'$8,000,000'",/en/scores/archive/nitto-atp-finals/605/2017/results,Grigor Dimitrov,/en/players/grigor-dimitrov/d875/overview,grigor-dimitrov,d875,Henri Kontinen,/en/players/henri-kontinen/ka80/overview,henri-kontinen,ka80,John Peers,/en/players/john-peers/pc96/overview,john-peers,pc96,2017-605
2018,1,b'Brisbane',339,brisbane,"b'Brisbane, Australia'",2017.12.31,12,31,28,28,Outdoor,Hard,"b'$528,910'",/en/scores/archive/brisbane/339/2018/results,Nick Kyrgios,/en/players/nick-kyrgios/ke17/overview,nick-kyrgios,ke17,Henri Kontinen,/en/players/henri-kontinen/ka80/overview,henri-kontinen,ka80,John Peers,/en/players/john-peers/pc96/overview,john-peers,pc96,2018-339
2018,2,b'Doha',451,doha,"b'Doha, Qatar'",2018.01.01,1,1,32,32,Outdoor,Hard,"b'$1,386,665'",/en/scores/archive/doha/451/2018/results,Gael Monfils,/en/players/gael-monfils/mc65/overview,gael-monfils,mc65,Oliver Marach,/en/players/oliver-marach/m760/overview,oliver-marach,m760,Mate Pavic,/en/players/mate-pavic/pf00/overview,mate-pavic,pf00,2018-451
2018,3,b'Pune',891,pune,"b'Pune, India'",2018.01.01,1,1,28,28,Outdoor,Hard,"b'$561,345'",/en/scores/archive/pune/891/2018/results,Gilles Simon,/en/players/gilles-simon/sd32/overview,gilles-simon,sd32,Robin Haase,/en/players/robin-haase/h756/overview,robin-haase,h756,Matwe Middelkoop,/en/players/matwe-middelkoop/mb88/overview,matwe-middelkoop,mb88,2018-891
2018,4,b'Sydney',338,sydney,"b'Sydney, Australia'",2018.01.07,1,7,28,28,Outdoor,Hard,"b'$528,910'",/en/scores/archive/sydney/338/2018/results,Daniil Medvedev,/en/players/daniil-medvedev/mm58/overview,daniil-medvedev,mm58,Lukasz Kubot,/en/players/lukasz-kubot/k540/overview,lukasz-kubot,k540,Marcelo Melo,/en/players/marcelo-melo/m919/overview,marcelo-melo,m919,2018-338
2018,5,b'Auckland',301,auckland,"b'Auckland, New Zealand'",2018.01.08,1,8,28,28,Outdoor,Hard,"b'$561,345'",/en/scores/archive/auckland/301/2018/results,Roberto Bautista Agut,/en/players/roberto-bautista-agut/bd06/overview,roberto-bautista-agut,bd06,Oliver Marach,/en/players/oliver-marach/m760/overview,oliver-marach,m760,Mate Pavic,/en/players/mate-pavic/pf00/overview,mate-pavic,pf00,2018-301
2018,6,b'Australian Open',580,australian-open,"b'Melbourne, Australia'",2018.01.15,1,15,128,128,Outdoor,Hard,"b'A$25,096,000'",/en/scores/archive/australian-open/580/2018/results,Roger Federer,/en/players/roger-federer/f324/overview,roger-federer,f324,Oliver Marach,/en/players/oliver-marach/m760/overview,oliver-marach,m760,Mate Pavic,/en/players/mate-pavic/pf00/overview,mate-pavic,pf00,2018-580
2018,7,b'Montpellier',375,montpellier,"b'Montpellier, France'",2018.02.05,2,5,28,28,Indoor,Hard,"b'\xe2\x82\xac561,345'",/en/scores/archive/montpellier/375/2018/results,Lucas Pouille,/en/players/lucas-pouille/pf39/overview,lucas-pouille,pf39,Ken Skupski,/en/players/ken-skupski/sc40/overview,ken-skupski,sc40,Neal Skupski,/en/players/neal-skupski/sl22/overview,neal-skupski,sl22,2018-375
2018,8,b'Quito',7161,quito,"b'Quito, Ecuador'",2018.02.05,2,5,28,28,Outdoor,Clay,"b'$561,345'",/en/scores/archive/quito/7161/2018/results,Roberto Carballes Baena,/en/players/roberto-carballes-baena/cf59/overview,roberto-carballes-baena,cf59,Nicolas Jarry,/en/players/nicolas-jarry/j551/overview,nicolas-jarry,j551,Hans Podlipnik-Castillo,/en/players/hans-podlipnik-castillo/pb37/overview,hans-podlipnik-castillo,pb37,2018-7161
2018,9,b'Sofia',7434,sofia,"b'Sofia, Bulgaria'",2018.02.05,2,5,28,28,Indoor,Hard,"b'\xe2\x82\xac561,345'",/en/scores/archive/sofia/7434/2018/results,Mirza Basic,/en/players/mirza-basic/be67/overview,mirza-basic,be67,Robin Haase,/en/players/robin-haase/h756/overview,robin-haase,h756,Matwe Middelkoop,/en/players/matwe-middelkoop/mb88/overview,matwe-middelkoop,mb88,2018-7434
2018,10,b'Rotterdam',407,rotterdam,"b'Rotterdam, Netherlands'",2018.02.12,2,12,32,32,Indoor,Hard,"b'\xe2\x82\xac1,996,245'",/en/scores/archive/rotterdam/407/2018/results,Roger Federer,/en/players/roger-federer/f324/overview,roger-federer,f324,Pierre-Hugues Herbert,/en/players/pierre-hugues-herbert/h996/overview,pierre-hugues-herbert,h996,Nicolas Mahut,/en/players/nicolas-mahut/m873/overview,nicolas-mahut,m873,2018-407
2018,11,b'New York',424,new-york,"b'New York, United States'",2018.02.12,2,12,28,28,Indoor,Hard,"b'$748,450'",/en/scores/archive/new-york/424/2018/results,Kevin Anderson,/en/players/kevin-anderson/a678/overview,kevin-anderson,a678,Max Mirnyi,/en/players/max-mirnyi/m595/overview,max-mirnyi,m595,Philipp Oswald,/en/players/philipp-oswald/o305/overview,philipp-oswald,o305,2018-424
2018,12,b'Buenos Aires',506,buenos-aires,"b'Buenos Aires, Argentina'",2018.02.12,2,12,28,28,Outdoor,Clay,"b'$648,180'",/en/scores/archive/buenos-aires/506/2018/results,Dominic Thiem,/en/players/dominic-thiem/tb69/overview,dominic-thiem,tb69,Andres Molteni,/en/players/andres-molteni/me56/overview,andres-molteni,me56,Horacio Zeballos,/en/players/horacio-zeballos/z184/overview,horacio-zeballos,z184,2018-506
2018,13,b'Rio de Janeiro',6932,rio-de-janeiro,"b'Rio de Janeiro, Brazil'",2018.02.19,2,19,32,32,Outdoor,Clay,"b'$1,842,475'",/en/scores/archive/rio-de-janeiro/6932/2018/results,Diego Schwartzman,/en/players/diego-schwartzman/sm37/overview,diego-schwartzman,sm37,David Marrero,/en/players/david-marrero/m984/overview,david-marrero,m984,Fernando Verdasco,/en/players/fernando-verdasco/v306/overview,fernando-verdasco,v306,2018-6932
2018,14,b'Marseille',496,marseille,"b'Marseille, France'",2018.02.19,2,19,28,28,Indoor,Hard,"b'\xe2\x82\xac718,810'",/en/scores/archive/marseille/496/2018/results,Karen Khachanov,/en/players/karen-khachanov/ke29/overview,karen-khachanov,ke29,Raven Klaasen,/en/players/raven-klaasen/k609/overview,raven-klaasen,k609,Michael Venus,/en/players/michael-venus/v576/overview,michael-venus,v576,2018-496
2018,15,b'Delray Beach',499,delray-beach,"b'Delray Beach, United States'",2018.02.19,2,19,32,32,Outdoor,Hard,"b'$622,675'",/en/scores/archive/delray-beach/499/2018/results,Frances Tiafoe,/en/players/frances-tiafoe/td51/overview,frances-tiafoe,td51,Jack Sock,/en/players/jack-sock/sm25/overview,jack-sock,sm25,Jackson Withrow,/en/players/jackson-withrow/w686/overview,jackson-withrow,w686,2018-499
2018,16,b'Dubai',495,dubai,"b'Dubai, United Arab Emirates'",2018.02.26,2,26,32,32,Outdoor,Hard,"b'$3,057,135'",/en/scores/archive/dubai/495/2018/results,Roberto Bautista Agut,/en/players/roberto-bautista-agut/bd06/overview,roberto-bautista-agut,bd06,Jean-Julien Rojer,/en/players/jean-julien-rojer/r513/overview,jean-julien-rojer,r513,Horia Tecau,/en/players/horia-tecau/t749/overview,horia-tecau,t749,2018-495
2018,17,b'Acapulco',807,acapulco,"b'Acapulco, Mexico'",2018.02.26,2,26,32,32,Outdoor,Hard,"b'$1,789,445'",/en/scores/archive/acapulco/807/2018/results,Juan Martin del Potro,/en/players/juan-martin-del-potro/d683/overview,juan-martin-del-potro,d683,Jamie Murray,/en/players/jamie-murray/mc81/overview,jamie-murray,mc81,Bruno Soares,/en/players/bruno-soares/s938/overview,bruno-soares,s938,2018-807
2018,18,b'Sao Paulo',533,sao-paulo,"b'Sao Paulo, Brazil'",2018.02.26,2,26,28,28,Indoor,Clay,"b'$582,870'",/en/scores/archive/sao-paulo/533/2018/results,Fabio Fognini,/en/players/fabio-fognini/f510/overview,fabio-fognini,f510,Federico Delbonis,/en/players/federico-delbonis/d874/overview,federico-delbonis,d874,Maximo Gonzalez,/en/players/maximo-gonzalez/g585/overview,maximo-gonzalez,g585,2018-533
2018,19,b'ATP World Tour Masters 1000 Indian Wells',404,indian-wells,"b'Indian Wells, United States'",2018.03.08,3,8,96,96,Outdoor,Hard,"b'$8,909,960'",/en/scores/archive/indian-wells/404/2018/results,Juan Martin del Potro,/en/players/juan-martin-del-potro/d683/overview,juan-martin-del-potro,d683,John Isner,/en/players/john-isner/i186/overview,john-isner,i186,Jack Sock,/en/players/jack-sock/sm25/overview,jack-sock,sm25,2018-404
2018,20,b'ATP World Tour Masters 1000 Miami',403,miami,"b'Miami, United States'",2018.03.21,3,21,96,96,Outdoor,Hard,"b'$8,909,960'",/en/scores/archive/miami/403/2018/results,John Isner,/en/players/john-isner/i186/overview,john-isner,i186,Bob Bryan,/en/players/bob-bryan/b588/overview,bob-bryan,b588,Mike Bryan,/en/players/mike-bryan/b589/overview,mike-bryan,b589,2018-403
2018,21,b'Houston',717,houston,"b'Houston, United States'",2018.04.09,4,9,28,28,Outdoor,Clay,"b'$623,710'",/en/scores/archive/houston/717/2018/results,Steve Johnson,/en/players/steve-johnson/j386/overview,steve-johnson,j386,Max Mirnyi,/en/players/max-mirnyi/m595/overview,max-mirnyi,m595,Philipp Oswald,/en/players/philipp-oswald/o305/overview,philipp-oswald,o305,2018-717
2018,22,b'Marrakech',360,marrakech,"b'Marrakech, Morocco'",2018.04.09,4,9,32,32,Outdoor,Clay,"b'\xe2\x82\xac561,345'",/en/scores/archive/marrakech/360/2018/results,Pablo Andujar,/en/players/pablo-andujar/a596/overview,pablo-andujar,a596,Nikola Mektic,/en/players/nikola-mektic/mf09/overview,nikola-mektic,mf09,Alexander Peya,/en/players/alexander-peya/p467/overview,alexander-peya,p467,2018-360
2018,23,b'ATP World Tour Masters 1000 Monte Carlo',410,monte-carlo,"b'Monte Carlo, Monaco'",2018.04.15,4,15,56,56,Outdoor,Clay,"b'\xe2\x82\xac5,238,735'",/en/scores/archive/monte-carlo/410/2018/results,Rafael Nadal,/en/players/rafael-nadal/n409/overview,rafael-nadal,n409,Bob Bryan,/en/players/bob-bryan/b588/overview,bob-bryan,b588,Mike Bryan,/en/players/mike-bryan/b589/overview,mike-bryan,b589,2018-410
2018,24,b'Barcelona',425,barcelona,"b'Barcelona, Spain'",2018.04.23,4,23,48,48,Outdoor,Clay,"b'\xe2\x82\xac2,794,220'",/en/scores/archive/barcelona/425/2018/results,Rafael Nadal,/en/players/rafael-nadal/n409/overview,rafael-nadal,n409,Feliciano Lopez,/en/players/feliciano-lopez/l397/overview,feliciano-lopez,l397,Marc Lopez,/en/players/marc-lopez/l480/overview,marc-lopez,l480,2018-425
2018,25,b'Budapest',7648,budapest,"b'Budapest, Hungary'",2018.04.23,4,23,28,28,Outdoor,Clay,"b'\xe2\x82\xac561,345'",/en/scores/archive/budapest/7648/2018/results,Marco Cecchinato,/en/players/marco-cecchinato/cf01/overview,marco-cecchinato,cf01,Dominic Inglot,/en/players/dominic-inglot/i200/overview,dominic-inglot,i200,Franko Skugor,/en/players/franko-skugor/sf76/overview,franko-skugor,sf76,2018-7648
2018,26,b'Estoril',7290,estoril,"b'Estoril, Portugal'",2018.04.30,4,30,28,28,Outdoor,Clay,"b'\xe2\x82\xac561,345'",/en/scores/archive/estoril/7290/2018/results,Joao Sousa,/en/players/joao-sousa/sh90/overview,joao-sousa,sh90,Kyle Edmund,/en/players/kyle-edmund/e831/overview,kyle-edmund,e831,Cameron Norrie,/en/players/cameron-norrie/n771/overview,cameron-norrie,n771,2018-7290
2018,27,b'Munich',308,munich,"b'Munich, Germany'",2018.04.30,4,30,28,28,Outdoor,Clay,"b'\xe2\x82\xac561,345'",/en/scores/archive/munich/308/2018/results,Alexander Zverev,/en/players/alexander-zverev/z355/overview,alexander-zverev,z355,Ivan Dodig,/en/players/ivan-dodig/d646/overview,ivan-dodig,d646,Rajeev Ram,/en/players/rajeev-ram/r548/overview,rajeev-ram,r548,2018-308
2018,28,b'Istanbul',7163,istanbul,"b'Istanbul, Turkey'",2018.04.30,4,30,28,28,Outdoor,Clay,"b'\xe2\x82\xac486,145'",/en/scores/archive/istanbul/7163/2018/results,Taro Daniel,/en/players/taro-daniel/da81/overview,taro-daniel,da81,Dominic Inglot,/en/players/dominic-inglot/i200/overview,dominic-inglot,i200,Robert Lindstedt,/en/players/robert-lindstedt/l335/overview,robert-lindstedt,l335,2018-7163
2018,29,b'ATP World Tour Masters 1000 Madrid',1536,madrid,"b'Madrid, Spain'",2018.05.06,5,6,56,56,Outdoor,Clay,"b'\xe2\x82\xac7,190,930'",/en/scores/archive/madrid/1536/2018/results,Alexander Zverev,/en/players/alexander-zverev/z355/overview,alexander-zverev,z355,Nikola Mektic,/en/players/nikola-mektic/mf09/overview,nikola-mektic,mf09,Alexander Peya,/en/players/alexander-peya/p467/overview,alexander-peya,p467,2018-1536
2018,30,b'ATP World Tour Masters 1000 Rome',416,rome,"b'Rome, Italy'",2018.05.13,5,13,56,56,Outdoor,Clay,"b'\xe2\x82\xac5,444,985'",/en/scores/archive/rome/416/2018/results,Rafael Nadal,/en/players/rafael-nadal/n409/overview,rafael-nadal,n409,Juan Sebastian Cabal,/en/players/juan-sebastian-cabal/c834/overview,juan-sebastian-cabal,c834,Robert Farah,/en/players/robert-farah/f525/overview,robert-farah,f525,2018-416
2018,31,b'Lyon',7694,lyon,"b'Lyon, France'",2018.05.20,5,20,28,28,Outdoor,Clay,"b'\xe2\x82\xac561,345'",/en/scores/archive/lyon/7694/2018/results,Dominic Thiem,/en/players/dominic-thiem/tb69/overview,dominic-thiem,tb69,Nick Kyrgios,/en/players/nick-kyrgios/ke17/overview,nick-kyrgios,ke17,Jack Sock,/en/players/jack-sock/sm25/overview,jack-sock,sm25,2018-7694
2018,32,b'Geneva',322,geneva,"b'Geneva, Switzerland'",2018.05.21,5,21,28,28,Outdoor,Clay,"b'\xe2\x82\xac561,345'",/en/scores/archive/geneva/322/2018/results,Marton Fucsovics,/en/players/marton-fucsovics/f724/overview,marton-fucsovics,f724,Oliver Marach,/en/players/oliver-marach/m760/overview,oliver-marach,m760,Mate Pavic,/en/players/mate-pavic/pf00/overview,mate-pavic,pf00,2018-322
2018,33,b'Roland Garros',520,roland-garros,"b'Paris, France'",2018.05.27,5,27,128,128,Outdoor,Clay,"b'\xe2\x82\xac18,232,000'",/en/scores/archive/roland-garros/520/2018/results,Rafael Nadal,/en/players/rafael-nadal/n409/overview,rafael-nadal,n409,Pierre-Hugues Herbert,/en/players/pierre-hugues-herbert/h996/overview,pierre-hugues-herbert,h996,Nicolas Mahut,/en/players/nicolas-mahut/m873/overview,nicolas-mahut,m873,2018-520
2018,34,b'Stuttgart',321,stuttgart,"b'Stuttgart, Germany'",2018.06.11,6,11,28,28,Outdoor,Grass,"b'\xe2\x82\xac729,340'",/en/scores/archive/stuttgart/321/2018/results,Roger Federer,/en/players/roger-federer/f324/overview,roger-federer,f324,Philipp Petzschner,/en/players/philipp-petzschner/p624/overview,philipp-petzschner,p624,Tim Puetz,/en/players/tim-puetz/pc68/overview,tim-puetz,pc68,2018-321
2018,35,b's-Hertogenbosch',440,s-hertogenbosch,"b's-Hertogenbosch, Netherlands'",2018.06.11,6,11,28,28,Outdoor,Grass,"b'\xe2\x82\xac686,080'",/en/scores/archive/s-hertogenbosch/440/2018/results,Richard Gasquet,/en/players/richard-gasquet/g628/overview,richard-gasquet,g628,Dominic Inglot,/en/players/dominic-inglot/i200/overview,dominic-inglot,i200,Franko Skugor,/en/players/franko-skugor/sf76/overview,franko-skugor,sf76,2018-440
2018,36,b'Halle',500,halle,"b'Halle, Germany'",2018.06.18,6,18,32,32,Outdoor,Grass,"b'\xe2\x82\xac2,116,915'",/en/scores/archive/halle/500/2018/results,Borna Coric,/en/players/borna-coric/cg80/overview,borna-coric,cg80,Lukasz Kubot,/en/players/lukasz-kubot/k540/overview,lukasz-kubot,k540,Marcelo Melo,/en/players/marcelo-melo/m919/overview,marcelo-melo,m919,2018-500
2018,37,"b""London / Queen's Club""",311,london,"b'London, Great Britain'",2018.06.18,6,18,32,32,Outdoor,Grass,"b'\xe2\x82\xac2,116,915'",/en/scores/archive/london/311/2018/results,Marin Cilic,/en/players/marin-cilic/c977/overview,marin-cilic,c977,Henri Kontinen,/en/players/henri-kontinen/ka80/overview,henri-kontinen,ka80,John Peers,/en/players/john-peers/pc96/overview,john-peers,pc96,2018-311
2018,38,b'Antalya',7650,antalya,"b'Antalya, Turkey'",2018.06.24,6,24,28,28,Outdoor,Grass,"b'\xe2\x82\xac486,145'",/en/scores/archive/antalya/7650/2018/results,Damir Dzumhur,/en/players/damir-dzumhur/d923/overview,damir-dzumhur,d923,Marcelo Demoliner,/en/players/marcelo-demoliner/d833/overview,marcelo-demoliner,d833,Santiago Gonzalez,/en/players/santiago-gonzalez/g551/overview,santiago-gonzalez,g551,2018-7650
2018,39,b'Eastbourne',741,eastbourne,"b'Eastbourne, Great Britain'",2018.06.25,6,25,28,28,Outdoor,Grass,"b'\xe2\x82\xac721,085'",/en/scores/archive/eastbourne/741/2018/results,Mischa Zverev,/en/players/mischa-zverev/z168/overview,mischa-zverev,z168,Luke Bambridge,/en/players/luke-bambridge/bk05/overview,luke-bambridge,bk05,Jonny O'Mara,/en/players/jonny-o'mara/o474/overview,jonny-o'mara,o474,2018-741
2018,40,b'Wimbledon',540,wimbledon,"b'London, Great Britain'",2018.07.02,7,2,128,128,Outdoor,Grass,"b'\xc2\xa315,982,000'",/en/scores/archive/wimbledon/540/2018/results,Novak Djokovic,/en/players/novak-djokovic/d643/overview,novak-djokovic,d643,Mike Bryan,/en/players/mike-bryan/b589/overview,mike-bryan,b589,Jack Sock,/en/players/jack-sock/sm25/overview,jack-sock,sm25,2018-540
2018,41,b'Newport',315,newport,"b'Newport, United States'",2018.07.16,7,16,28,28,Outdoor,Grass,"b'$623,710'",/en/scores/archive/newport/315/2018/results,Steve Johnson,/en/players/steve-johnson/j386/overview,steve-johnson,j386,Jonathan Erlich,/en/players/jonathan-erlich/e152/overview,jonathan-erlich,e152,Artem Sitak,/en/players/artem-sitak/sd23/overview,artem-sitak,sd23,2018-315
2018,42,b'Bastad',316,bastad,"b'Bastad, Sweden'",2018.07.16,7,16,28,28,Outdoor,Clay,"b'\xe2\x82\xac561,345'",/en/scores/archive/bastad/316/2018/results,Fabio Fognini,/en/players/fabio-fognini/f510/overview,fabio-fognini,f510,Julio Peralta,/en/players/julio-peralta/p519/overview,julio-peralta,p519,Horacio Zeballos,/en/players/horacio-zeballos/z184/overview,horacio-zeballos,z184,2018-316
2018,43,b'Umag',439,umag,"b'Umag, Croatia'",2018.07.16,7,16,28,28,Outdoor,Clay,"b'\xe2\x82\xac561,345'",/en/scores/archive/umag/439/2018/results,Marco Cecchinato,/en/players/marco-cecchinato/cf01/overview,marco-cecchinato,cf01,Robin Haase,/en/players/robin-haase/h756/overview,robin-haase,h756,Matwe Middelkoop,/en/players/matwe-middelkoop/mb88/overview,matwe-middelkoop,mb88,2018-439
2018,44,b'Hamburg',414,hamburg,"b'Hamburg, Germany'",2018.07.23,7,23,32,32,Outdoor,Clay,"b'\xe2\x82\xac1,753,255'",/en/scores/archive/hamburg/414/2018/results,Nikoloz Basilashvili,/en/players/nikoloz-basilashvili/bg23/overview,nikoloz-basilashvili,bg23,Julio Peralta,/en/players/julio-peralta/p519/overview,julio-peralta,p519,Horacio Zeballos,/en/players/horacio-zeballos/z184/overview,horacio-zeballos,z184,2018-414
2018,45,b'Atlanta',6116,atlanta,"b'Atlanta, United States'",2018.07.23,7,23,28,28,Outdoor,Hard,"b'$748,450'",/en/scores/archive/atlanta/6116/2018/results,John Isner,/en/players/john-isner/i186/overview,john-isner,i186,Nicholas Monroe,/en/players/nicholas-monroe/mb49/overview,nicholas-monroe,mb49,John-Patrick Smith,/en/players/john-patrick-smith/sj55/overview,john-patrick-smith,sj55,2018-6116
2018,46,b'Gstaad',314,gstaad,"b'Gstaad, Switzerland'",2018.07.23,7,23,28,28,Outdoor,Clay,"b'\xe2\x82\xac561,345'",/en/scores/archive/gstaad/314/2018/results,Matteo Berrettini,/en/players/matteo-berrettini/bk40/overview,matteo-berrettini,bk40,Daniele Bracciali,/en/players/daniele-bracciali/b570/overview,daniele-bracciali,b570,Matteo Berrettini,/en/players/matteo-berrettini/bk40/overview,matteo-berrettini,bk40,2018-314
2018,47,b'Washington',418,washington,"b'Washington, United States'",2018.07.30,7,30,48,48,Outdoor,Hard,"b'$2,146,815'",/en/scores/archive/washington/418/2018/results,Alexander Zverev,/en/players/alexander-zverev/z355/overview,alexander-zverev,z355,Jamie Murray,/en/players/jamie-murray/mc81/overview,jamie-murray,mc81,Bruno Soares,/en/players/bruno-soares/s938/overview,bruno-soares,s938,2018-418
2018,48,b'Los Cabos',7480,los-cabos,"b'Los Cabos, Mexico'",2018.07.30,7,30,28,28,Outdoor,Hard,"b'$808,770'",/en/scores/archive/los-cabos/7480/2018/results,Fabio Fognini,/en/players/fabio-fognini/f510/overview,fabio-fognini,f510,Marcelo Arevalo,/en/players/marcelo-arevalo/a853/overview,marcelo-arevalo,a853,Miguel Angel Reyes-Varela,/en/players/miguel-angel-reyes-varela/r736/overview,miguel-angel-reyes-varela,r736,2018-7480
2018,49,b'Kitzb\xc3\xbchel',319,kitzbuhel,"b'Kitzbuhel, Austria'",2018.07.30,7,30,28,28,Outdoor,Clay,"b'\xe2\x82\xac561,345'",/en/scores/archive/kitzbuhel/319/2018/results,Martin Klizan,/en/players/martin-klizan/k966/overview,martin-klizan,k966,Roman Jebavy,/en/players/roman-jebavy/j321/overview,roman-jebavy,j321,Andres Molteni,/en/players/andres-molteni/me56/overview,andres-molteni,me56,2018-319
2018,50,b'ATP World Tour Masters 1000 Canada',421,toronto,"b'Toronto, Canada'",2018.08.06,8,6,56,56,Outdoor,Hard,"b'$5,939,970'",/en/scores/archive/toronto/421/2018/results,Rafael Nadal,/en/players/rafael-nadal/n409/overview,rafael-nadal,n409,Henri Kontinen,/en/players/henri-kontinen/ka80/overview,henri-kontinen,ka80,John Peers,/en/players/john-peers/pc96/overview,john-peers,pc96,2018-421
2018,51,b'ATP World Tour Masters 1000 Cincinnati',422,cincinnati,"b'Cincinnati, United States'",2018.08.12,8,12,56,56,Outdoor,Hard,"b'$6,335,970'",/en/scores/archive/cincinnati/422/2018/results,Novak Djokovic,/en/players/novak-djokovic/d643/overview,novak-djokovic,d643,Jamie Murray,/en/players/jamie-murray/mc81/overview,jamie-murray,mc81,Bruno Soares,/en/players/bruno-soares/s938/overview,bruno-soares,s938,2018-422
2018,52,b'Winston-Salem',6242,winston-salem,"b'Winston-Salem, United States'",2018.08.19,8,19,48,48,Outdoor,Hard,"b'$778,070'",/en/scores/archive/winston-salem/6242/2018/results,Daniil Medvedev,/en/players/daniil-medvedev/mm58/overview,daniil-medvedev,mm58,Jean-Julien Rojer,/en/players/jean-julien-rojer/r513/overview,jean-julien-rojer,r513,Horia Tecau,/en/players/horia-tecau/t749/overview,horia-tecau,t749,2018-6242
2018,53,b'US Open',560,us-open,"b'New York, United States'",2018.08.27,8,27,128,128,Outdoor,Hard,"b'$25,282,400'",/en/scores/archive/us-open/560/2018/results,Novak Djokovic,/en/players/novak-djokovic/d643/overview,novak-djokovic,d643,Mike Bryan,/en/players/mike-bryan/b589/overview,mike-bryan,b589,Jack Sock,/en/players/jack-sock/sm25/overview,jack-sock,sm25,2018-560
2018,54,b'St. Petersburg',568,st-petersburg,"b'St. Petersburg, Russia'",2018.09.17,9,17,28,28,Indoor,Hard,"b'$1,241,850'",/en/scores/archive/st-petersburg/568/2018/results,Dominic Thiem,/en/players/dominic-thiem/tb69/overview,dominic-thiem,tb69,Matteo Berrettini,/en/players/matteo-berrettini/bk40/overview,matteo-berrettini,bk40,Fabio Fognini,/en/players/fabio-fognini/f510/overview,fabio-fognini,f510,2018-568
2018,55,b'Metz',341,metz,"b'Metz, France'",2018.09.17,9,17,28,28,Indoor,Hard,"b'\xe2\x82\xac561,345'",/en/scores/archive/metz/341/2018/results,Gilles Simon,/en/players/gilles-simon/sd32/overview,gilles-simon,sd32,Nicolas Mahut,/en/players/nicolas-mahut/m873/overview,nicolas-mahut,m873,Edouard Roger-Vasselin,/en/players/edouard-roger-vasselin/r613/overview,edouard-roger-vasselin,r613,2018-341
2018,56,b'Chengdu',7581,chengdu,"b'Chengdu, China'",2018.09.24,9,24,28,28,Outdoor,Hard,"b'$1,183,360'",/en/scores/archive/chengdu/7581/2018/results,Bernard Tomic,/en/players/bernard-tomic/ta46/overview,bernard-tomic,ta46,Ivan Dodig,/en/players/ivan-dodig/d646/overview,ivan-dodig,d646,Mate Pavic,/en/players/mate-pavic/pf00/overview,mate-pavic,pf00,2018-7581
2018,57,b'Shenzhen',6967,shenzhen,"b'Shenzhen, China'",2018.09.24,9,24,28,28,Outdoor,Hard,"b'$800,320'",/en/scores/archive/shenzhen/6967/2018/results,Yoshihito Nishioka,/en/players/yoshihito-nishioka/n732/overview,yoshihito-nishioka,n732,Ben McLachlan,/en/players/ben-mclachlan/mo07/overview,ben-mclachlan,mo07,Joe Salisbury,/en/players/joe-salisbury/so70/overview,joe-salisbury,so70,2018-6967
2018,58,b'Beijing',747,beijing,"b'Beijing, China'",2018.10.01,10,1,32,32,Outdoor,Hard,"b'$4,658,510'",/en/scores/archive/beijing/747/2018/results,Nikoloz Basilashvili,/en/players/nikoloz-basilashvili/bg23/overview,nikoloz-basilashvili,bg23,Lukasz Kubot,/en/players/lukasz-kubot/k540/overview,lukasz-kubot,k540,Marcelo Melo,/en/players/marcelo-melo/m919/overview,marcelo-melo,m919,2018-747
2018,59,b'Tokyo',329,tokyo,"b'Tokyo, Japan'",2018.10.01,10,1,32,32,Indoor,Hard,"b'$1,928,580'",/en/scores/archive/tokyo/329/2018/results,Daniil Medvedev,/en/players/daniil-medvedev/mm58/overview,daniil-medvedev,mm58,Ben McLachlan,/en/players/ben-mclachlan/mo07/overview,ben-mclachlan,mo07,Jan-Lennard Struff,/en/players/jan-lennard-struff/sl28/overview,jan-lennard-struff,sl28,2018-329
2018,60,b'ATP World Tour Masters 1000 Shanghai',5014,shanghai,"b'Shanghai, China'",2018.10.07,10,7,56,56,Outdoor,Hard,"b'$9,219,970'",/en/scores/archive/shanghai/5014/2018/results,Novak Djokovic,/en/players/novak-djokovic/d643/overview,novak-djokovic,d643,Lukasz Kubot,/en/players/lukasz-kubot/k540/overview,lukasz-kubot,k540,Marcelo Melo,/en/players/marcelo-melo/m919/overview,marcelo-melo,m919,2018-5014
2018,61,b'Moscow',438,moscow,"b'Moscow, Russia'",2018.10.15,10,15,28,28,Indoor,Hard,"b'$936,435'",/en/scores/archive/moscow/438/2018/results,Karen Khachanov,/en/players/karen-khachanov/ke29/overview,karen-khachanov,ke29,Austin Krajicek,/en/players/austin-krajicek/ka00/overview,austin-krajicek,ka00,Rajeev Ram,/en/players/rajeev-ram/r548/overview,rajeev-ram,r548,2018-438
2018,62,b'Antwerp',7485,antwerp,"b'Antwerp, Belgium'",2018.10.15,10,15,28,28,Indoor,Hard,"b'\xe2\x82\xac686,080'",/en/scores/archive/antwerp/7485/2018/results,Kyle Edmund,/en/players/kyle-edmund/e831/overview,kyle-edmund,e831,Nicolas Mahut,/en/players/nicolas-mahut/m873/overview,nicolas-mahut,m873,Edouard Roger-Vasselin,/en/players/edouard-roger-vasselin/r613/overview,edouard-roger-vasselin,r613,2018-7485
2018,63,b'Stockholm',429,stockholm,"b'Stockholm, Sweden'",2018.10.15,10,15,28,28,Indoor,Hard,"b'\xe2\x82\xac686,080'",/en/scores/archive/stockholm/429/2018/results,Stefanos Tsitsipas,/en/players/stefanos-tsitsipas/te51/overview,stefanos-tsitsipas,te51,Luke Bambridge,/en/players/luke-bambridge/bk05/overview,luke-bambridge,bk05,Jonny O'Mara,/en/players/jonny-o'mara/o474/overview,jonny-o'mara,o474,2018-429
2018,64,b'Vienna',337,vienna,"b'Vienna, Austria'",2018.10.22,10,22,32,32,Indoor,Hard,"b'\xe2\x82\xac2,788,570'",/en/scores/archive/vienna/337/2018/results,Kevin Anderson,/en/players/kevin-anderson/a678/overview,kevin-anderson,a678,Neal Skupski,/en/players/neal-skupski/sl22/overview,neal-skupski,sl22,Joe Salisbury,/en/players/joe-salisbury/so70/overview,joe-salisbury,so70,2018-337
2018,65,b'Basel',328,basel,"b'Basel, Switzerland'",2018.10.22,10,22,32,32,Indoor,Hard,"b'\xe2\x82\xac2,442,740'",/en/scores/archive/basel/328/2018/results,Roger Federer,/en/players/roger-federer/f324/overview,roger-federer,f324,Dominic Inglot,/en/players/dominic-inglot/i200/overview,dominic-inglot,i200,Franko Skugor,/en/players/franko-skugor/sf76/overview,franko-skugor,sf76,2018-328
2018,66,b'ATP World Tour Masters 1000 Paris',352,paris,"b'Paris, France'",2018.10.29,10,29,48,48,Indoor,Hard,"b'\xe2\x82\xac5,444,985'",/en/scores/archive/paris/352/2018/results,Karen Khachanov,/en/players/karen-khachanov/ke29/overview,karen-khachanov,ke29,Marcel Granollers,/en/players/marcel-granollers/g710/overview,marcel-granollers,g710,Rajeev Ram,/en/players/rajeev-ram/r548/overview,rajeev-ram,r548,2018-352
2018,67,b'Next Gen ATP Finals',7696,next-gen-atp-finals,"b'Milan, Italy'",2018.11.06,11,6,8,8,Indoor,Hard,"b'$1,335,000'",/en/scores/archive/next-gen-atp-finals/7696/2018/results,Stefanos Tsitsipas,/en/players/stefanos-tsitsipas/te51/overview,stefanos-tsitsipas,te51,,,,,,,,,2018-7696
2018,68,b'Nitto ATP Finals',605,nitto-atp-finals,"b'London, Great Britain'",2018.11.11,11,11,8,8,Indoor,Hard,"b'$8,500,000'",/en/scores/archive/nitto-atp-finals/605/2018/results,Alexander Zverev,/en/players/alexander-zverev/z355/overview,alexander-zverev,z355,Mike Bryan,/en/players/mike-bryan/b589/overview,mike-bryan,b589,Jack Sock,/en/players/jack-sock/sm25/overview,jack-sock,sm25,2018-605
2019,1,b'Qatar ExxonMobil Open',451,doha,"b'Doha, Qatar'",2018.12.31,12,31,32,32,Outdoor,Hard,"b'$1,416,205'",/en/scores/archive/doha/451/2019/results,Roberto Bautista Agut,/en/players/roberto-bautista-agut/bd06/overview,roberto-bautista-agut,bd06,David Goffin,/en/players/david-goffin/gb88/overview,david-goffin,gb88,Pierre-Hugues Herbert,/en/players/pierre-hugues-herbert/h996/overview,pierre-hugues-herbert,h996,2019-451
2019,2,b'Brisbane International',339,brisbane,"b'Brisbane, Australia'",2018.12.31,12,31,28,28,Outdoor,Hard,"b'$589,680'",/en/scores/archive/brisbane/339/2019/results,Kei Nishikori,/en/players/kei-nishikori/n552/overview,kei-nishikori,n552,Marcus Daniell,/en/players/marcus-daniell/d763/overview,marcus-daniell,d763,Wesley Koolhof,/en/players/wesley-koolhof/kc41/overview,wesley-koolhof,kc41,2019-339
2019,3,b'Tata Open Maharashtra',891,pune,"b'Pune, India'",2018.12.31,12,31,28,28,Outdoor,Hard,"b'$589,680'",/en/scores/archive/pune/891/2019/results,Kevin Anderson,/en/players/kevin-anderson/a678/overview,kevin-anderson,a678,Rohan Bopanna,/en/players/rohan-bopanna/b757/overview,rohan-bopanna,b757,Divij Sharan,/en/players/divij-sharan/sd46/overview,divij-sharan,sd46,2019-891
2019,4,b'Sydney International',338,sydney,"b'Sydney, Australia'",2019.01.06,1,6,28,28,Outdoor,Hard,"b'$589,680'",/en/scores/archive/sydney/338/2019/results,Alex de Minaur,/en/players/alex-de-minaur/dh58/overview,alex-de-minaur,dh58,Jamie Murray,/en/players/jamie-murray/mc81/overview,jamie-murray,mc81,Bruno Soares,/en/players/bruno-soares/s938/overview,bruno-soares,s938,2019-338
2019,5,b'ASB Classic',301,auckland,"b'Auckland, New Zealand'",2019.01.07,1,7,28,28,Outdoor,Hard,"b'$589,680'",/en/scores/archive/auckland/301/2019/results,Tennys Sandgren,/en/players/tennys-sandgren/sl08/overview,tennys-sandgren,sl08,Ben McLachlan,/en/players/ben-mclachlan/mo07/overview,ben-mclachlan,mo07,Jan-Lennard Struff,/en/players/jan-lennard-struff/sl28/overview,jan-lennard-struff,sl28,2019-301
2019,6,b'Australian Open',580,australian-open,"b'Melbourne, Australia'",2019.01.14,1,14,128,128,Outdoor,Hard,"b'A$29,687,000'",/en/scores/archive/australian-open/580/2019/results,Novak Djokovic,/en/players/novak-djokovic/d643/overview,novak-djokovic,d643,Pierre-Hugues Herbert,/en/players/pierre-hugues-herbert/h996/overview,pierre-hugues-herbert,h996,Nicolas Mahut,/en/players/nicolas-mahut/m873/overview,nicolas-mahut,m873,2019-580
2019,7,b'Cordoba Open',9158,cordoba,"b'Cordoba, Argentina'",2019.02.04,2,4,28,28,Outdoor,Clay,"b'$589,680'",/en/scores/archive/cordoba/9158/2019/results,Juan Ignacio Londero,/en/players/juan-ignacio-londero/lb84/overview,juan-ignacio-londero,lb84,Roman Jebavy,/en/players/roman-jebavy/j321/overview,roman-jebavy,j321,Andres Molteni,/en/players/andres-molteni/me56/overview,andres-molteni,me56,2019-9158
2019,8,b'Open Sud de France',375,montpellier,"b'Montpellier, France'",2019.02.04,2,4,28,28,Indoor,Hard,"b'\xe2\x82\xac586,140'",/en/scores/archive/montpellier/375/2019/results,Jo-Wilfried Tsonga,/en/players/jo-wilfried-tsonga/t786/overview,jo-wilfried-tsonga,t786,Ivan Dodig,/en/players/ivan-dodig/d646/overview,ivan-dodig,d646,Edouard Roger-Vasselin,/en/players/edouard-roger-vasselin/r613/overview,edouard-roger-vasselin,r613,2019-375
2019,9,b'Sofia Open',7434,sofia,"b'Sofia, Bulgaria'",2019.02.04,2,4,28,28,Indoor,Hard,"b'\xe2\x82\xac586,140'",/en/scores/archive/sofia/7434/2019/results,Daniil Medvedev,/en/players/daniil-medvedev/mm58/overview,daniil-medvedev,mm58,Jurgen Melzer,/en/players/jurgen-melzer/m762/overview,jurgen-melzer,m762,Nikola Mektic,/en/players/nikola-mektic/mf09/overview,nikola-mektic,mf09,2019-7434
2019,10,b'ABN AMRO World Tennis Tournament',407,rotterdam,"b'Rotterdam, Netherlands'",2019.02.11,2,11,32,32,Indoor,Hard,"b'\xe2\x82\xac2,098,480'",/en/scores/archive/rotterdam/407/2019/results,Gael Monfils,/en/players/gael-monfils/mc65/overview,gael-monfils,mc65,Jeremy Chardy,/en/players/jeremy-chardy/ca12/overview,jeremy-chardy,ca12,Henri Kontinen,/en/players/henri-kontinen/ka80/overview,henri-kontinen,ka80,2019-407
2019,11,b'New York Open',424,new-york,"b'New York, United States'",2019.02.11,2,11,28,28,Indoor,Hard,"b'$777,385'",/en/scores/archive/new-york/424/2019/results,Reilly Opelka,/en/players/reilly-opelka/o522/overview,reilly-opelka,o522,Kevin Krawietz,/en/players/kevin-krawietz/kb92/overview,kevin-krawietz,kb92,Andreas Mies,/en/players/andreas-mies/mj40/overview,andreas-mies,mj40,2019-424
2019,12,b'Argentina Open',506,buenos-aires,"b'Buenos Aires, Argentina'",2019.02.11,2,11,28,28,Outdoor,Clay,"b'$673,135'",/en/scores/archive/buenos-aires/506/2019/results,Marco Cecchinato,/en/players/marco-cecchinato/cf01/overview,marco-cecchinato,cf01,Maximo Gonzalez,/en/players/maximo-gonzalez/g585/overview,maximo-gonzalez,g585,Horacio Zeballos,/en/players/horacio-zeballos/z184/overview,horacio-zeballos,z184,2019-506
2019,13,b'Rio Open presented by Claro',6932,rio-de-janeiro,"b'Rio de Janeiro, Brazil'",2019.02.18,2,18,32,32,Outdoor,Clay,"b'$1,937,740'",/en/scores/current/rio-de-janeiro/6932/live-scores,,,,,,,,,,,,,2019-6932
2019,14,b'Open 13 Provence',496,marseille,"b'Marseille, France'",2019.02.18,2,18,28,28,Indoor,Hard,"b'\xe2\x82\xac744,010'",/en/scores/current/marseille/496/live-scores,,,,,,,,,,,,,2019-496
2019,15,b'Delray Beach Open by VITACOST.com',499,delray-beach,"b'Delray Beach, United States'",2019.02.18,2,18,32,32,Outdoor,Hard,"b'$651,215'",/en/scores/current/delray-beach/499/live-scores,,,,,,,,,,,,,2019-499
2019,16,b'Dubai Duty Free Tennis Championships',,,"b'Dubai, United Arab Emirates'",2019.02.25,2,25,32,32,Outdoor,Hard,"b'$2,887,895'",,,,,,,,,,,,,,2019-
2019,17,b'Abierto Mexicano Telcel presentado por HSBC',,,"b'Acapulco, Mexico'",2019.02.25,2,25,32,32,Outdoor,Hard,"b'$1,931,110'",,,,,,,,,,,,,,2019-
2019,18,b'Brasil Open',,,"b'Sao Paulo, Brazil'",2019.02.25,2,25,28,28,Indoor,Clay,"b'$618,810'",,,,,,,,,,,,,,2019-
2019,19,b'BNP Paribas Open',,,"b'Indian Wells, United States'",2019.03.07,3,7,96,96,Outdoor,Hard,"b'$9,314,875'",,,,,,,,,,,,,,2019-
2019,20,b'Miami Open presented by Itau',,,"b'Miami, United States'",2019.03.20,3,20,96,96,Outdoor,Hard,"b'$9,314,875'",,,,,,,,,,,,,,2019-
2019,21,"b""Fayez Sarofim & Co. U.S. Men's Clay Court Championship""",,,"b'Houston, United States'",2019.04.08,4,8,28,28,Outdoor,Clay,"b'$652,245'",,,,,,,,,,,,,,2019-
2019,22,b'Grand Prix Hassan II',,,"b'Marrakech, Morocco'",2019.04.08,4,8,32,32,Outdoor,Clay,"b'\xe2\x82\xac586,140'",,,,,,,,,,,,,,2019-
2019,23,b'Rolex Monte-Carlo Masters',,,"b'Monte Carlo, Monaco'",2019.04.14,4,14,56,56,Outdoor,Clay,"b'\xe2\x82\xac5,585,030'",,,,,,,,,,,,,,2019-
2019,24,b'Barcelona Open Banc Sabadell',,,"b'Barcelona, Spain'",2019.04.22,4,22,48,48,Outdoor,Clay,"b'\xe2\x82\xac2,746,455'",,,,,,,,,,,,,,2019-
2019,25,b'Gazprom Hungarian Open',,,"b'Budapest, Hungary'",2019.04.22,4,22,28,28,Outdoor,Clay,"b'\xe2\x82\xac586,140'",,,,,,,,,,,,,,2019-
2019,26,b'BMW Open by FWU',,,"b'Munich, Germany'",2019.04.29,4,29,28,28,Outdoor,Clay,"b'\xe2\x82\xac586,140'",,,,,,,,,,,,,,2019-
2019,27,b'Millennium Estoril Open',,,"b'Estoril, Portugal'",2019.04.29,4,29,28,28,Outdoor,Clay,"b'\xe2\x82\xac586,140'",,,,,,,,,,,,,,2019-
2019,28,b'Mutua Madrid Open',,,"b'Madrid, Spain'",2019.05.05,5,5,56,56,Outdoor,Clay,"b'\xe2\x82\xac7,279,270'",,,,,,,,,,,,,,2019-
2019,29,"b""Internazionali BNL d'Italia""",,,"b'Rome, Italy'",2019.05.12,5,12,56,56,Outdoor,Clay,"b'\xe2\x82\xac5,791,280'",,,,,,,,,,,,,,2019-
2019,30,b'Banque Eric Sturdza Geneva Open',,,"b'Geneva, Switzerland'",2019.05.19,5,19,28,28,Outdoor,Clay,"b'\xe2\x82\xac586,140'",,,,,,,,,,,,,,2019-
2019,31,b'Open Parc Auvergne-Rhone-Aipes Lyon',,,"b'Lyon, France'",2019.05.19,5,19,28,28,Outdoor,Clay,"b'\xe2\x82\xac586,140'",,,,,,,,,,,,,,2019-
2019,32,b'Roland Garros',,,"b'Paris, France'",2019.05.26,5,26,128,128,Outdoor,Clay,,,,,,,,,,,,,,,2019-
2019,33,b'MercedesCup',,,"b'Stuttgart, Germany'",2019.06.10,6,10,28,28,Outdoor,Grass,"b'\xe2\x82\xac754,540'",,,,,,,,,,,,,,2019-
2019,34,b'Libema Open',,,"b's-Hertogenbosch, Netherlands'",2019.06.10,6,10,28,28,Outdoor,Grass,"b'\xe2\x82\xac711,275'",,,,,,,,,,,,,,2019-
2019,35,b'Fever-Tree Championships',,,"b'London, Great Britain'",2019.06.17,6,17,32,32,Outdoor,Grass,"b'\xe2\x82\xac2,219,150'",,,,,,,,,,,,,,2019-
2019,36,b'Gerry Weber Open',,,"b'Halle, Germany'",2019.06.17,6,17,32,32,Outdoor,Grass,"b'\xe2\x82\xac2,219,150'",,,,,,,,,,,,,,2019-
2019,37,b'Turkish Airlines Open Antalya',,,"b'Antalya, Turkey'",2019.06.23,6,23,28,28,Outdoor,Grass,"b'\xe2\x82\xac507,490'",,,,,,,,,,,,,,2019-
2019,38,b'Nature Valley International',,,"b'Eastbourne, Great Britain'",2019.06.24,6,24,28,28,Outdoor,Grass,"b'\xe2\x82\xac745,880'",,,,,,,,,,,,,,2019-
2019,39,b'Wimbledon',,,"b'London, Great Britain'",2019.07.01,7,1,128,128,Outdoor,Grass,,,,,,,,,,,,,,,2019-
2019,40,b'Hall of Fame Open',,,"b'Newport, United States'",2019.07.15,7,15,28,28,Outdoor,Grass,"b'$652,245'",,,,,,,,,,,,,,2019-
2019,41,b'Plava Laguna Croatia Open Umag',,,"b'Umag, Croatia'",2019.07.15,7,15,28,28,Outdoor,Clay,"b'\xe2\x82\xac586,140'",,,,,,,,,,,,,,2019-
2019,42,b'Swedish Open',,,"b'Bastad, Sweden'",2019.07.15,7,15,28,28,Outdoor,Clay,"b'\xe2\x82\xac586,140'",,,,,,,,,,,,,,2019-
2019,43,b'Hamburg Open',,,"b'Hamburg, Germany'",2019.07.22,7,22,32,32,Outdoor,Clay,"b'\xe2\x82\xac1,855,490'",,,,,,,,,,,,,,2019-
2019,44,b'BB&T Atlanta Open',,,"b'Atlanta, United States'",2019.07.22,7,22,28,28,Outdoor,Hard,"b'$777,385'",,,,,,,,,,,,,,2019-
2019,45,b'J.Safra Sarasin Swiss Open Gstaad',,,"b'Gstaad, Switzerland'",2019.07.22,7,22,28,28,Outdoor,Clay,"b'\xe2\x82\xac586,140'",,,,,,,,,,,,,,2019-
2019,46,b'Citi Open',,,"b'Washington, United States'",2019.07.29,7,29,48,48,Outdoor,Hard,"b'$2,046,340'",,,,,,,,,,,,,,2019-
2019,47,b'Abierto Mexicano de Tenis Mifel presentado por Cinemax',,,"b'Los Cabos, Mexico'",2019.07.29,7,29,28,28,Outdoor,Hard,"b'$858,565'",,,,,,,,,,,,,,2019-
2019,48,b'Generali Open',,,"b'Kitzbuhel, Austria'",2019.07.29,7,29,28,28,Outdoor,Clay,"b'\xe2\x82\xac586,140'",,,,,,,,,,,,,,2019-
2019,49,b'Coupe Rogers',,,"b'Montreal, Canada'",2019.08.05,8,5,56,56,Outdoor,Hard,"b'$6,338,885'",,,,,,,,,,,,,,2019-
2019,50,b'Western & Southern Open',,,"b'Cincinnati, United States'",2019.08.11,8,11,56,56,Outdoor,Hard,"b'$6,735,690'",,,,,,,,,,,,,,2019-
2019,51,b'Winston-Salem Open',,,"b'Winston-Salem, United States'",2019.08.18,8,18,48,48,Outdoor,Hard,"b'$807,210'",,,,,,,,,,,,,,2019-
2019,52,b'US Open',,,"b'New York, United States'",2019.08.26,8,26,128,128,Outdoor,Hard,,,,,,,,,,,,,,,2019-
2019,53,b'St. Petersburg Open',,,"b'St. Petersburg, Russia'",2019.09.16,9,16,28,28,Indoor,Hard,"b'$1,248,665'",,,,,,,,,,,,,,2019-
2019,54,b'Moselle Open',,,"b'Metz, France'",2019.09.16,9,16,28,28,Indoor,Hard,"b'\xe2\x82\xac586,140'",,,,,,,,,,,,,,2019-
2019,55,b'Chengdu Open',,,"b'Chengdu, China'",2019.09.23,9,23,28,28,Outdoor,Hard,"b'$1,213,295'",,,,,,,,,,,,,,2019-
2019,56,b'Zhuhai Open',,,"b'Zhuhai, China'",2019.09.23,9,23,28,28,Outdoor,Hard,"b'$1,000,000'",,,,,,,,,,,,,,2019-
2019,57,b'China Open',,,"b'Beijing, China'",2019.09.30,9,30,32,32,Outdoor,Hard,"b'$3,666,275'",,,,,,,,,,,,,,2019-
2019,58,b'Rakuten Japan Open Tennis Championships',,,"b'Tokyo, Japan'",2019.09.30,9,30,32,32,Indoor,Hard,"b'$2,046,340'",,,,,,,,,,,,,,2019-
2019,59,b'Rolex Shanghai Masters',,,"b'Shanghai, China'",2019.10.06,10,6,56,56,Outdoor,Hard,"b'$8,322,885'",,,,,,,,,,,,,,2019-
2019,60,b'VTB Kremlin Cup',,,"b'Moscow, Russia'",2019.10.14,10,14,28,28,Indoor,Hard,"b'$922,520'",,,,,,,,,,,,,,2019-
2019,61,b'European Open',,,"b'Antwerp, Belgium'",2019.10.14,10,14,28,28,Indoor,Hard,"b'\xe2\x82\xac711,275'",,,,,,,,,,,,,,2019-
2019,62,b'Intrum Stockholm Open',,,"b'Stockholm, Sweden'",2019.10.14,10,14,28,28,Indoor,Hard,"b'\xe2\x82\xac711,275'",,,,,,,,,,,,,,2019-
2019,63,b'Erste Bank Open 500',,,"b'Vienna, Austria'",2019.10.21,10,21,32,32,Indoor,Hard,"b'\xe2\x82\xac2,443,810'",,,,,,,,,,,,,,2019-
2019,64,b'Swiss Indoors Basel',,,"b'Basel, Switzerland'",2019.10.21,10,21,32,32,Indoor,Hard,"b'\xe2\x82\xac2,219,975'",,,,,,,,,,,,,,2019-
2019,65,b'Rolex Paris Masters',,,"b'Paris, France'",2019.10.28,10,28,48,48,Indoor,Hard,"b'\xe2\x82\xac5,791,280'",,,,,,,,,,,,,,2019-
2019,66,b'Next Gen ATP Finals',,,"b'Milan, Italy'",2019.11.05,11,5,8,8,Indoor,Hard,"b'$1,397,400'",,,,,,,,,,,,,,2019-
2019,67,b'Nitto ATP Finals',,,"b'London, Great Britain'",2019.11.10,11,10,8,8,Indoor,Hard,"b'$9,000,000'",,,,,,,,,,,,,,2019-
